Dataset,Chi-squared Statistic,P-value,KL Divergence
population_summary,0.9230769230769229,0.9212269650259751,0.017038188811782193
