,AFR,AMR,EAS,EUR,SAS
AFR,0.0,0.10338126620205988,0.14687426767444497,0.11372497562981387,0.10893990148621881
AMR,0.10338126620205988,0.0,0.07417160313825398,0.024832258331830264,0.03273944828839864
EAS,0.14687426767444497,0.07417160313825398,0.0,0.09774527622975568,0.06660389189823866
EUR,0.11372497562981387,0.024832258331830264,0.09774527622975568,0.0,0.03360797137593285
SAS,0.10893990148621881,0.03273944828839864,0.06660389189823866,0.03360797137593285,0.0
