Population,num_indiv,percent,super_pop,super_num_indiv,super_percent
AFR,934,0.08369175627240143,AFR,934,0.08369175627240143
EAS,688,0.06164874551971326,EAS,688,0.06164874551971326
EUR,8186,0.7335125448028674,EUR,8186,0.7335125448028674
SAS,27,0.0024193548387096775,SAS,27,0.0024193548387096775
Unknown,1325,0.11872759856630824,Unknown,1325,0.11872759856630824
