superpopulation,pi,sequence_diversity,hs_mean,hs_sd,n_samples
AFR,0.04177050631850437,0.0010979502064854046,0.04164835244070127,0.0018201559564184,660
Unknown,0.036160711747616384,0.0009504950844315308,0.03271607794235474,0.005018975293256753,45
AMR,0.033286339422014435,0.0008749413512699933,0.03262961503120814,0.0038690501780216935,347
SAS,0.033232245764769144,0.000873519483369012,0.032987144320717254,0.002203664641913816,489
EUR,0.0322103671702686,0.0008466590999855852,0.03223504314263736,0.0015883185685620375,503
EAS,0.02941796849788313,0.0007732600687275657,0.029499498718390794,0.0014281355674689656,504
